min_mm,max_mm,min_p,max_p,min_l,max_l
0.0931671822375581,0.10603860625000511,20.692242971031867,23.46512036807352,4.887923596538452,6.04242304381225
2.8464112903415964e-27,0.06346389621658197,8.60518795756941,1213918451.6199427,1.1491567698289188e-82,2.7116296563485687
